path,bytes,sha256
.gitattributes,123,edb347607b9f7b297f81884611089e45530f0e44ad80b1a1243005bd483c8ff1
.gitignore,372,6fcc4fbd74be7c023f9bf831d38b0f31d5d4043737e5deb84b2f02c98eb8b7b6
README.md,7312,4e84c4bcc97fee783dd2420bdde7111680602d26d41753bda1071a8eb4c85c14
analysis/hospital_summary.csv,8943,1548576aa2ae2fc62cdd8474c8242f80a528beed77f222c1694673a3bba7755d
analysis/query_01.csv,242,3b041f23c200beac58c708e8a926c41073cee76f573e17bde5f7b596d1a91328
analysis/query_02.csv,3075,e8894f13dc495266b5832a485bef83feea9c1081c9710cbe63da0bb040f0b3e9
analysis/query_03.csv,700,541f28a8442856326337cb59700ffe73b90db4cdb98d53e547c7dd0a91c5577b
analysis/query_04.csv,137,5292cfd22d902f8b7c514487fbb6437275123723aa3c045243b45b1fdfe0f057
analysis/query_05.csv,690,42f8e7b73ddb7a1a0716075e1e4c6d2e2090ea26fb2481a61fc557dedf1e106f
analysis/query_06.csv,4009,e6aa9c99f936d91fcd91f710c15e2cea33ec56c85d5c6bd907ef27c850eccd50
analysis/source_preview.csv,539,47d3dced20c49d2feb68261ee04c9631c808dd5c5d4cb7280874a9a759508ae3
analysis/summary.json,1012,93059bae078cf4745b7ea9e7a09c9ef583b03f0f611dd9c76c1275963826389e
data/model/AgeGroups.csv,55,4ec4c39b7616edcbdbb17d106c05662869a4e48bc37bc37789d08316bfbefa78
data/model/Conditions.csv,192,fb09b2e061b2abe1b0a7672e019c6ba1d522000715befe40b2fe6533cd3a0480
data/model/Discharges.csv,13776049,913db415dd5b64d0301f08acd28273a0e0820f56157502dc47eb6cb3c16e40f1
data/model/Hospitals.csv,2539,611229254bdb1e125bce085ae318cf75c335118ef36d8c1fc535f339e0f12bc5
data/model/Payers.csv,185,17bed9ffb5c402d5d22ca50ebe5c7dd2a3302c1dff053140d1fa1a3773418480
data/model/Scenario.csv,117,1b4426adfc335471718eb810d67c41ad4ddbccbd05139bd2fbacefa2dd9dda1e
data/model/Severity.csv,58,5601809f9c87fb099a1f41b2736a058a5fcbc26dc76c02bdb6268805085ee42c
data/model/StayBands.csv,104,1d2c1600c8cdad447b41a01cc6ef982bb14a69dc31cb2f2be7833db9e47bcea7
data/raw/nyc_adult_selected_discharges_2024.csv,19056989,fb91e6546ccd37c2345fecd51dc35cb36ba670e82c8d58660b8d4e6c10330cd6
docs/CREATIVE_VISUAL_UPGRADE.md,7098,efd4c661cdd3fcb278df4a19c8820c0692212b0f504be1763c5c558ecdf15e3d
docs/DATA_DICTIONARY.md,3338,3b8e5072eac1db00213521f41f7678c3b35ee766883264336887a72a81fa9c70
docs/DAX_MEASURES.md,7303,1a95c7663e8689a5f6490eba2800e4dfe34d81fcc3d58e4d891a1fde4208b974
docs/FINDINGS.md,4382,35236784daaad2b3bc6d493af1a56ffbe68be377fe472a95a21df3b5696bad85
docs/INTERVIEW_WALKTHROUGH.md,5775,8a90348287eaa5e130bfe5275fe600d208e753ea32c209a4c8735eafc3157d46
docs/METHODOLOGY.md,6438,10ba2da41a5e779e011f73d11ceb2da22459c4a3ae19683ecaab54691b19aaea
docs/PBIX_AUDIT.md,3710,4e3179326fdffcf0f8db44930c8bc9024600784099449dd21b8be67cc5c0df2b
docs/POWER_BI_DESKTOP_GUIDE.md,18181,fedc818c111e1d3f906b6427d76b953b091d9d83e744fba3175340f4f1635071
docs/page3_layout_mockup.png,78651,d39b1a3fefc51ab2699d05c7f0b95f61240e937145ee94955aed1d0994dfcbcb
notebooks/Healthcare_Analysis.ipynb,9759,d0e56ca88e66fb651161fe1e21e56a101f75e5cb395e7ab58b605094f9a0193f
outputs/healthcare-bi/Healthcare_PowerBI_Data.xlsx,10257273,8622b84cb048df0db42e479e0faaa7bb7dfa0ba44dfd82fde8cef6dafca66b45
powerbi/Healthcare_Hospital_Efficiency.pbix,4053249,f93e425e55ba551e08bfb141a68dec97c2ae8e74c8dbfb4118097face8759f36
powerbi/Measures.dax,4252,b9e5d56925a835afb23f74c9d60c8cc99715350cc1358060da71642240cfa3ea
powerbi/measure_catalog.json,7211,40dd0c784cacdb9ef12ede8bcb86834a16f07db038e47da1334bc3d33d37e23e
qa/analysis_validation.json,480,623408e3599460b36235cd0cf10394ee98a2ed2e0547e2fdebd27c52cc6770f9
qa/chart_map.json,5269,216632ad3457d2aef285ce76e522ae623fdefc99912862586648a7aa4bdb6784
qa/data_checks.json,1276,de7fd5765a4ae882e3b854c6aa654e2d749fce9c5a33aa203eb59a0392685718
qa/model_contract.json,1907,8bcc17c5592624666a6407f990eecc215a105e90429d75816f844fdefb09e23e
qa/notebook_validation.json,194,019e63946a131d41227e8778bca19c79cb8c7ac663b68a8b3db0cf60bf4c2ccd
qa/powerbi_expected_results.csv,1537,e119e9e34878dc7aef7545b0cb37d58fa2da45f5ba00a6da349fd43f4799e070
qa/workbook_validation.json,1103,95554f284e88e3292c21b95f1ae7b20e3dcc92426ebf107d3af7e9d7031ac226
requirements.txt,14,f06a393ff78fade1a7590aee00fdbe7ed0206315a7eb08e544e999206294d850
scripts/build_data.py,8010,e83f9b79511053faf59de31cceffe37ec6547b5d88681c97131f25fcc92990e2
scripts/build_support.py,9343,5d7a10ba67aa893ce5f583d838224992f4db47bc6f45b9dfd7f78bb286f5751f
scripts/download_data.py,3629,2df2686a326f948576fa6dabe2423fd12d737effed6f57574c8d9f2540afd0d9
scripts/validate_analysis.py,4773,8189248b2c13dcf1e1ec5167ed95eba4769b03fb1d538311ebe0398d18b61a76
source/NYSDOH_SPARCS_De-Identified_Data_Dictionary_2024.pdf,142320,9cc34b24c1c2f20556b218ba43899b45cc63eda87c5a32177081d6e6eff6ee31
source/NYSDOH_SPARCS_De-Identified_Data_Dictionary_2024.txt,6261,77351d542be3099fdbf2271951789fe4498843dc1bc28e21653bf6946169ac46
source/NYSDOH_SPARCS_De-Identified_Overview_2024.pdf,147904,929924be8bdcc8270e54548ce407e84d2ceac6371ad76d103d05a7e656c9fed6
source/NYSDOH_SPARCS_De-Identified_Overview_2024.txt,6598,15d7b1735c508be80b873f60093af8b70c84c7b30a573610cf5c3b4245b84136
source/catalog.json,621789,2c55a90635017f62e14c0f8515323914ae2ba39ed3757bdadce0eb667e4650cd
source/conditions.json,4441,3af2c369351813f71231d36108401268801434b87a75235e3717b27e96aff10f
source/download_manifest.json,2911,7dd20e56abbcd55faedb06701592694e93b581d03bbe384e1e9e7c5fdde69bdd
source/scope_counts.json,672,4612b069b7d027651d58d622cbce0af9ea130da25c576f3e77873bc43b82116e
source/sparcs_2024_metadata.json,67401,50c9e7ea2102bc7a00da236ba6a4a2f30422003a74726c2d8223d2fcc28288dd
sql/01_transform.sql,4541,5a05ff9fdc54d07b59dcac65e0581e14a492af4c63422b423c76ef8ba753d631
sql/02_analysis.sql,3007,b009e2eff6a81003b8eb5382b8664a732e69628d21fa46105f9fc04543183fa3
